{
"pages":
    [     
        {
        "pageLabel" : "Main",
        "pageDescription" : "A iconized main page",
        "pageColumns" : "0",
        "pageBackground" : "",
        "pageColor" : "",
        "groups":
            [ 
                {
                "groupLabel": "My Bookmarks",
                "groupDescription" : "",
                "groupIcon": "bookmark.svg",
                "groupColor": "FFFFFF",
                "groupSort": "auto",
                "groupOpacity": "1",
                "itens":
                    [ 
                        { "label": "Google", "url": "https://www.google.com", "alt": "", "icon" : "google.com.png", "date": "1513595345240" },
                        { "label": "Gmail", "url": "https://mail.google.com", "alt": "The Google Mail", "icon" : "gmail.com.png", "date": "1513595345240" },
                        { "label": "Agenda", "url": "https://calendar.google.com", "alt": "", "icon" : "calendar.google.com.png", "date": "1513594871018" },
                        { "label": "Youtube", "url": "http://www.youtube.com", "alt": "", "icon" : "youtube.com.png", "date": "1513594871024" },
                        { "label": "Netflix", "url": "http://www.netflix.com", "alt": "", "icon" : "netflix.com.png", "date": "1513594871025" },
                        { "label": "Facebook", "url": "https://www.facebook.com", "alt": "", "icon" : "facebook.com.png", "date": "1513594871114" },
                        { "label": "Spotify", "url": "https://play.spotify.com", "alt": "", "icon" : "spotify.com.png", "date": "1513594871614" }
                    ]
                },
                {
                "groupLabel": "Social Network",
                "groupDescription" : "Let's socialize!",
                "groupIcon": "bookmark.svg",
                "groupColor": "FFFFFF",
                "groupSort": "auto",
                "groupOpacity": "1",
                "itens":
                    [ 
                        { "label": "Facebook", "url": "https://www.facebook.com", "alt": "", "icon" : "facebook.com.png", "date": "1513594871114" },
                        { "label": "Twitter", "url": "https://www.twitter.com", "alt": "", "icon" : "twitter.com.png", "date": "1513594871214" },
                        { "label": "Google Plus", "url": "https://plus.google.com", "alt": "", "icon" : "plus.google.com.png", "date": "1513594871234" },
                        { "label": "Instagram", "url": "https://www.instagram.com", "alt": "", "icon" : "instagram.com.png", "date": "1513594871434" },
                        { "label": "Linkedin", "url": "https://www.linkedin.com", "alt": "", "icon" : "linkedin.com.png", "date": "1513594871434" },
                        { "label": "Pinterest", "url": "https://www.pinterest.com", "alt": "", "icon" : "pinterest.com.png", "date": "1513594871534" },
                        { "label": "Tumblr", "url": "https://www.tumblr.com", "alt": "", "icon" : "tumblr.com.png", "date": "1513594871634" },
                        { "label": "SoundCloud", "url": "https://www.soundcloud.com", "alt": "", "icon" : "soundcloud.com.png", "date": "1513594871734" },
                        { "label": "Reddit", "url": "https://www.reddit.com", "alt": "", "icon" : "reddit.com.png", "date": "1513594871834" }
                    ]
                },
                {
                "groupLabel": "Others",
                "groupDescription" : "Other sites",
                "groupIcon": "bookmark.svg",
                "groupColor": "FFFFFF",
                "groupSort": "auto",
                "groupOpacity": "1",
                "itens":
                    [ 
                        { "label": "Google News", "url": "https://news.google.com", "alt": "", "icon" : "news.google.com.png", "date": "1513595345232" }
                    ]
                }                
            ]
        },
        {
        "pageLabel" : "Work",
        "pageDescription" : "My links to work related matters",
        "pageColumns" : "0",
        "pageBackground" : "",
        "pageColor" : "",
        "groups":
            [ 
                {
                "groupLabel": "My work",
                "groupDescription" : "",
                "groupIcon": "bookmark.svg",
                "groupColor": "FFFFFF",
                "groupSort": "auto",
                "groupOpacity": "1",
                "itens":
                    [ 
                        { "label": "Outlook 365", "url": "https://outlook.office.com/owa", "alt": "", "icon" : "outlook.com.png", "date": "1513595345239" },
                        { "label": "Office 365", "url": "https://www.office.com/", "alt": "", "icon" : "office.com.png", "date": "1513595345240" }
                    ]
                },
                {
                "groupLabel": "Documents",
                "groupDescription" : "Local and Remote documents",
                "groupIcon": "bookmark.svg",
                "groupColor": "FFFFFF",
                "groupSort": "auto",
                "groupOpacity": "1",
                "itens":
                    [ 
                        { "label": "Reports", "url": "file:///home/user/tmp/reports.doc", "alt": "", "icon" : "docs.google.com.png", "date": "1513595345240" },
                        { "label": "Project Sheet", "url": "https://docs.google.com/spreadsheets/d/1bkbxtgJfDb2Rk923b3B6Mrb_kwwWCBFc5-8uu7x9V3w/template/preview?usp=drive_web", "alt": "", "icon" : "sheets.google.com.png", "date": "1513595345240" }
                    ]
                },
                {
                "groupLabel": "Network",
                "groupDescription" : "My networks",
                "groupIcon": "bookmark.svg",
                "groupColor": "FFFFFF",
                "groupSort": "auto",
                "groupOpacity": "1",
                "itens":
                    [ 
                        { "label": "Slack", "url": "https://www.slack.com", "alt": "", "icon" : "slack.com.png", "date": "1513595345256" },
                        { "label": "Linkedin", "url": "https://www.linkedin.com", "alt": "", "icon" : "linkedin.com.png", "date": "1513594871434" }
                    ]
                }               
            ]
        },
        {
        "pageLabel" : "Entertainment",
        "pageDescription" : "",
        "pageColumns" : "0",
        "pageBackground" : "",
        "pageColor" : "",
        "groups":
            [ 
                {
                "groupLabel": "Video Services",
                "groupDescription" : "",
                "groupIcon": "bookmark.png",
                "groupColor": "FFFFFF",
                "groupSort": "auto",
                "groupOpacity": "1",
                "itens":
                    [ 
                        { "label": "Netflix", "url": "http://www.netflix.com", "alt": "", "icon" : "netflix.com.png", "date": "1513594871025" },
                        { "label": "HBO Go", "url": "http://hbo.go.com", "alt": "", "icon" : "hbo.go.com.png", "date": "1513594871425" },
                        { "label": "Amazon Prime Video", "url": "http://www.primevideo.com", "alt": "", "icon" : "primevideo.com.png", "date": "1513594881425" }
                    ]
                },
                {
                "groupLabel": "Games",
                "groupDescription" : "",
                "groupIcon": "bookmark.png",
                "groupColor": "FFFFFF",
                "groupSort": "auto",
                "groupOpacity": "1",
                "itens":
                    [ 
                        { "label": "Steam", "url": "http://store.steampowered.com/", "alt": "", "icon" : "steampowered.com.png", "date": "1513595345250" },       
                        { "label": "Giant Bomb", "url": "http://www.giantbomb.com/", "alt": "", "icon" : "giantbomb.com.png", "date": "1513595345240" },
                        { "label": "IGN", "url": "http://www.ign.com", "alt": "", "icon" : "ign.com.png", "date": "1513595345240" }
                    ]
                }   
            ]
        }, 
        {
        "pageLabel" : "Shopping",
        "pageDescription" : "",
        "pageColumns" : "0",
        "pageBackground" : "",
        "pageColor" : "",
        "groups":
            [ 
                {
                "groupLabel": "Buy and Sell",
                "groupDescription" : "",
                "groupIcon": "bookmark.png",
                "groupColor": "FFFFFF",
                "groupSort": "auto",
                "groupOpacity": "1",
                "itens":
                    [ 
                        { "label": "Amazon", "url": "http://www.amazon.com", "alt": "", "icon" : "amazon.com.png", "date": "1513594883425" },
                        { "label": "eBay", "url": "http://www.ebay.com", "alt": "", "icon" : "ebay.com.png", "date": "1513594883435" },
                        { "label": "Ali Express", "url": "http://www.aliexpress.com", "alt": "", "icon" : "aliexpress.com.png", "date": "1513594889435" }
                    ]
                }
            ]
        },
        {
        "pageLabel" : "Lines",
        "pageDescription" : "This is an empty page with a background image",
        "pageColumns" : "0",
        "pageBackground" : "Lines.svg",
        "pageColor" : "",
        "groups":
            [ 
                {
                "groupLabel": "Empty Group",
                "groupDescription" : "This is an empty group with another icon",
                "groupIcon": "bookmark.png",
                "groupColor": "FFFFFF",
                "groupSort": "auto",
                "groupOpacity": "1",
                "itens":
                    [                            
                    ]
                },
                {
                "groupLabel": "Colored Group",
                "groupDescription" : "This is a colored group",
                "groupIcon": "bookmark.png",
                "groupColor": "DDFFDD",
                "groupSort": "auto",
                "groupOpacity": "1",
                "itens":
                    [                            
                    ]
                }                
            ]
        }        
    ],
"settings":     
    {
    "version": "1.6",
    "firstTime": "false",        
    "defaultOptions": "true",
    "appearanceTheme": "default",
    "colorsTopnavBackgroundColor": "2D2D5F",
    "colorsTopnavColor": "FFFFFF",
    "defaultPageBackground": "",
    "defaultBackgroundColor": "F6F6F9",
    "defaultItensSort": "manual",
    "showBrowserContextMenu": "false",
    "defaultPageColumns": "0",
    "remeberLastPage": "true",
    "openLinksNewTab": "false",    
    "noItemLabels": "false",
    "darkMode": "false",
    "colorsTopnavBackgroundColorDark": "161C23",
    "colorsTopnavColorDark": "FFFFFF",    
    "defaultBackgroundColorDark": "454646",  
    "defaultGroupColorDark": "1D2327",
    "defaultGroupColor": "FFFFFF",
    "itemIconSize": "64",
    "itemIconMargin": "0",
    "itemIconRadius": "0",
    "itemLabelFontSize": "13",
    "itemLabelFontColor": "000000",
    "itemLabelFontColorDark": "FFFFFF",
    "itemLabelShowLines": "1",
    "itemIconLabelTextAlign": "center",
    "itemIconLabelFontFamily": "'Helvetica', 'Helvetica Nueue', sans-serif",
    "itemIconLabelFontStyle": "normal",
    "itemIconLabelFontWeight": "normal",
    "scanBrokenIcons": "false",
    "iconsBase64": "false"
    }
}
