{
"icons":  
    [ 
        { "label": "default.png", "value": "", "file": "icons/default.png" },
        { "label": "9gag.com.png", "value": "9gag.com.png", "file": "icons/9gag.com.png" },
        { "label": "aliexpress.com.png", "value": "aliexpress.com.png", "file": "icons/aliexpress.com.png" },
        { "label": "amazon.com.png", "value": "amazon.com.png", "file": "icons/amazon.com.png" },
        { "label": "artstation.com.png", "value": "artstation.com.png", "file": "icons/artstation.com.png" },
        { "label": "apple.com.png", "value": "apple.com.png", "file": "icons/apple.com.png" },
        { "label": "bing.com.png", "value": "bing.com.png", "file": "icons/bing.com.png" },
        { "label": "booking.com.png", "value": "booking.com.png", "file": "icons/booking.com.png" },
        { "label": "calendar.google.com.png", "value": "calendar.google.com.png", "file": "icons/calendar.google.com.png" },
        { "label": "code.google.com.png", "value": "code.google.com.png", "file": "icons/code.google.com.png" },
        { "label": "deezer.com.png", "value": "deezer.com.png", "file": "icons/deezer.com.png" },
        { "label": "deviantart.com.png", "value": "deviantart.com.png", "file": "icons/deviantart.com.png" },
        { "label": "docs.google.com.png", "value": "docs.google.com.png", "file": "icons/docs.google.com.png" },
        { "label": "drive.google.com.png", "value": "drive.google.com.png", "file": "icons/drive.google.com.png" },
        { "label": "dropbox.com.png", "value": "dropbox.com.png", "file": "icons/dropbox.com.png" },
        { "label": "earth.google.com.png", "value": "earth.google.com.png", "file": "icons/earth.google.com.png" },
        { "label": "ebay.com.png", "value": "ebay.com.png", "file": "icons/ebay.com.png" },
        { "label": "facebook.com.png", "value": "facebook.com.png", "file": "icons/facebook.com.png" },
        { "label": "feedly.com.png", "value": "feedly.com.png", "file": "icons/feedly.com.png" },
        { "label": "gmail.com.png", "value": "gmail.com.png", "file": "icons/gmail.com.png" },
        { "label": "google.com.png", "value": "google.com.png", "file": "icons/google.com.png" },
        { "label": "groups.google.com.png", "value": "groups.google.com.png", "file": "icons/groups.google.com.png" },
        { "label": "hangouts.google.com.png", "value": "hangouts.google.com.png", "file": "icons/hangouts.google.com.png" },
        { "label": "hbo.go.com.png", "value": "hbo.go.com.png", "file": "icons/hbo.go.com.png" },
        { "label": "ign.com.png", "value": "ign.com.png", "file": "icons/ign.com.png" },
        { "label": "imdb.com.png", "value": "imdb.com.png", "file": "icons/imdb.com.png" },
        { "label": "instagram.com.png", "value": "instagram.com.png", "file": "icons/instagram.com.png" },
        { "label": "keep.google.com.png", "value": "keep.google.com.png", "file": "icons/keep.google.com.png" },
        { "label": "linkedin.com.png", "value": "linkedin.com.png", "file": "icons/linkedin.com.png" },
        { "label": "mail.yahoo.com.png", "value": "mail.yahoo.com.png", "file": "icons/mail.yahoo.com.png" },
        { "label": "maps.google.com.png", "value": "maps.google.com.png", "file": "icons/maps.google.com.png" },
        { "label": "mediawiki.org.png", "value": "mediawiki.org.png", "file": "icons/mediawiki.org.png" },
        { "label": "netflix.com.png", "value": "netflix.com.png", "file": "icons/netflix.com.png" },
        { "label": "news.google.com.png", "value": "news.google.com.png", "file": "icons/news.google.com.png" },
        { "label": "office.com.png", "value": "office.com.png", "file": "icons/office.com.png" },
        { "label": "outlook.com.png", "value": "outlook.com.png", "file": "icons/outlook.com.png" },
        { "label": "paypal.com.png", "value": "paypal.com.png", "file": "icons/paypal.com.png" },
        { "label": "photos.google.com.png", "value": "photos.google.com.png", "file": "icons/photos.google.com.png" },
        { "label": "pinterest.com.png", "value": "pinterest.com.png", "file": "icons/pinterest.com.png" },
        { "label": "play.google.com-music.png", "value": "play.google.com-music.png", "file": "icons/play.google.com-music.png" },
        { "label": "play.google.com.png", "value": "play.google.com.png", "file": "icons/play.google.com.png" },
        { "label": "plus.google.com.png", "value": "plus.google.com.png", "file": "icons/plus.google.com.png" },
        { "label": "pocket.com.png", "value": "pocket.com.png", "file": "icons/pocket.com.png" },
        { "label": "primevideo.com.png", "value": "primevideo.com.png", "file": "icons/primevideo.com.png" },        
        { "label": "reddit.com.png", "value": "reddit.com.png", "file": "icons/reddit.com.png" },
        { "label": "sheets.google.com.png", "value": "sheets.google.com.png", "file": "icons/sheets.google.com.png" },
        { "label": "skype.com.png", "value": "skype.com.png", "file": "icons/skype.com.png" },
        { "label": "slack.com.png", "value": "slack.com.png", "file": "icons/slack.com.png" },
        { "label": "soundcloud.com.png", "value": "soundcloud.com.png", "file": "icons/soundcloud.com.png" },
        { "label": "spotify.com.png", "value": "spotify.com.png", "file": "icons/spotify.com.png" },
        { "label": "stackoverflow.com.png", "value": "stackoverflow.com.png", "file": "icons/stackoverflow.com.png" },
        { "label": "steampowered.com.png", "value": "steampowered.com.png", "file": "icons/steampowered.com.png" },
        { "label": "telegram.org.png", "value": "telegram.org.png", "file": "icons/telegram.org.png" },
        { "label": "translate.google.com.png", "value": "translate.google.com.png", "file": "icons/translate.google.com.png" },
        { "label": "tumblr.com.png", "value": "tumblr.com.png", "file": "icons/tumblr.com.png" },
        { "label": "twitch.com.png", "value": "twitch.com.png", "file": "icons/twitch.com.png" },
        { "label": "twitter.com.png", "value": "twitter.com.png", "file": "icons/twitter.com.png" },
        { "label": "vimeo.com.png", "value": "vimeo.com.png", "file": "icons/vimeo.com.png" },
        { "label": "whatsapp.com.png", "value": "whatsapp.com.png", "file": "icons/whatsapp.com.png" },
        { "label": "wikipedia.org.png", "value": "wikipedia.org.png", "file": "icons/wikipedia.org.png" },
        { "label": "wordpress.com.png", "value": "wordpress.com.png", "file": "icons/wordpress.com.png" },
        { "label": "yahoo.com.png", "value": "yahoo.com.png", "file": "icons/yahoo.com.png" },
        { "label": "youtube.com.png", "value": "youtube.com.png", "file": "icons/youtube.com.png" },
        { "label": "account.svg", "value": "account.svg", "file": "icons/account.svg" },
        { "label": "adobe.svg", "value": "adobe.svg", "file": "icons/adobe.svg" },
        { "label": "adsense.svg", "value": "adsense.svg", "file": "icons/adsense.svg" },
        { "label": "adwords.svg", "value": "adwords.svg", "file": "icons/adwords.svg" },
        { "label": "agenda.svg", "value": "agenda.svg", "file": "icons/agenda.svg" },
        { "label": "aim-2.svg", "value": "aim-2.svg", "file": "icons/aim-2.svg" },
        { "label": "aim.svg", "value": "aim.svg", "file": "icons/aim.svg" },
        { "label": "air-bnb.svg", "value": "air-bnb.svg", "file": "icons/air-bnb.svg" },
        { "label": "alarm.svg", "value": "alarm.svg", "file": "icons/alarm.svg" },
        { "label": "amazon.svg", "value": "amazon.svg", "file": "icons/amazon.svg" },
        { "label": "amd.svg", "value": "amd.svg", "file": "icons/amd.svg" },
        { "label": "android.svg", "value": "android.svg", "file": "icons/android.svg" },
        { "label": "apple.svg", "value": "apple.svg", "file": "icons/apple.svg" },
        { "label": "ati.svg", "value": "ati.svg", "file": "icons/ati.svg" },
        { "label": "bag.svg", "value": "bag.svg", "file": "icons/bag.svg" },
        { "label": "baidu.svg", "value": "baidu.svg", "file": "icons/baidu.svg" },
        { "label": "bank.svg", "value": "bank.svg", "file": "icons/bank.svg" },
        { "label": "bars-1.svg", "value": "bars-1.svg", "file": "icons/bars-1.svg" },
        { "label": "bars.svg", "value": "bars.svg", "file": "icons/bars.svg" },
        { "label": "basecamp.svg", "value": "basecamp.svg", "file": "icons/basecamp.svg" },
        { "label": "basket.svg", "value": "basket.svg", "file": "icons/basket.svg" },
        { "label": "battery.svg", "value": "battery.svg", "file": "icons/battery.svg" },
        { "label": "beats-pill.svg", "value": "beats-pill.svg", "file": "icons/beats-pill.svg" },
        { "label": "behance.svg", "value": "behance.svg", "file": "icons/behance.svg" },
        { "label": "bing.svg", "value": "bing.svg", "file": "icons/bing.svg" },
        { "label": "blogger.svg", "value": "blogger.svg", "file": "icons/blogger.svg" },
        { "label": "board.svg", "value": "board.svg", "file": "icons/board.svg" },
        { "label": "bookmark.svg", "value": "bookmark.svg", "file": "icons/bookmark.svg" },
        { "label": "book.svg", "value": "book.svg", "file": "icons/book.svg" },
        { "label": "briefcase-1.svg", "value": "briefcase-1.svg", "file": "icons/briefcase-1.svg" },
        { "label": "briefcase-2.svg", "value": "briefcase-2.svg", "file": "icons/briefcase-2.svg" },
        { "label": "briefcase-3.svg", "value": "briefcase-3.svg", "file": "icons/briefcase-3.svg" },
        { "label": "briefcase.svg", "value": "briefcase.svg", "file": "icons/briefcase.svg" },
        { "label": "browser-1.svg", "value": "browser-1.svg", "file": "icons/browser-1.svg" },
        { "label": "browser-2.svg", "value": "browser-2.svg", "file": "icons/browser-2.svg" },
        { "label": "browser-3.svg", "value": "browser-3.svg", "file": "icons/browser-3.svg" },
        { "label": "browser-4.svg", "value": "browser-4.svg", "file": "icons/browser-4.svg" },
        { "label": "browser-5.svg", "value": "browser-5.svg", "file": "icons/browser-5.svg" },
        { "label": "browser.svg", "value": "browser.svg", "file": "icons/browser.svg" },
        { "label": "calculator-2.svg", "value": "calculator-2.svg", "file": "icons/calculator-2.svg" },
        { "label": "calculator.svg", "value": "calculator.svg", "file": "icons/calculator.svg" },
        { "label": "calendar-1.svg", "value": "calendar-1.svg", "file": "icons/calendar-1.svg" },
        { "label": "calendar-2.svg", "value": "calendar-2.svg", "file": "icons/calendar-2.svg" },
        { "label": "calendar.svg", "value": "calendar.svg", "file": "icons/calendar.svg" },
        { "label": "camera-1.svg", "value": "camera-1.svg", "file": "icons/camera-1.svg" },
        { "label": "camera.svg", "value": "camera.svg", "file": "icons/camera.svg" },
        { "label": "chart.svg", "value": "chart.svg", "file": "icons/chart.svg" },
        { "label": "chat-1.svg", "value": "chat-1.svg", "file": "icons/chat-1.svg" },
        { "label": "chat-2.svg", "value": "chat-2.svg", "file": "icons/chat-2.svg" },
        { "label": "chat.svg", "value": "chat.svg", "file": "icons/chat.svg" },
        { "label": "chrome.svg", "value": "chrome.svg", "file": "icons/chrome.svg" },
        { "label": "clapperboard.svg", "value": "clapperboard.svg", "file": "icons/clapperboard.svg" },
        { "label": "clipboard-1.svg", "value": "clipboard-1.svg", "file": "icons/clipboard-1.svg" },
        { "label": "clipboard-2.svg", "value": "clipboard-2.svg", "file": "icons/clipboard-2.svg" },
        { "label": "clipboard-3.svg", "value": "clipboard-3.svg", "file": "icons/clipboard-3.svg" },
        { "label": "clipboard.svg", "value": "clipboard.svg", "file": "icons/clipboard.svg" },
        { "label": "clock.svg", "value": "clock.svg", "file": "icons/clock.svg" },
        { "label": "cloud-1.svg", "value": "cloud-1.svg", "file": "icons/cloud-1.svg" },
        { "label": "cloud-4.svg", "value": "cloud-4.svg", "file": "icons/cloud-4.svg" },
        { "label": "coderwall.svg", "value": "coderwall.svg", "file": "icons/coderwall.svg" },
        { "label": "coffee.svg", "value": "coffee.svg", "file": "icons/coffee.svg" },
        { "label": "compass.svg", "value": "compass.svg", "file": "icons/compass.svg" },
        { "label": "computer-1.svg", "value": "computer-1.svg", "file": "icons/computer-1.svg" },
        { "label": "computer-2.svg", "value": "computer-2.svg", "file": "icons/computer-2.svg" },
        { "label": "computer-4.svg", "value": "computer-4.svg", "file": "icons/computer-4.svg" },
        { "label": "computer.svg", "value": "computer.svg", "file": "icons/computer.svg" },
        { "label": "cpu.svg", "value": "cpu.svg", "file": "icons/cpu.svg" },
        { "label": "creative-cloud.svg", "value": "creative-cloud.svg", "file": "icons/creative-cloud.svg" },
        { "label": "credit-card-1.svg", "value": "credit-card-1.svg", "file": "icons/credit-card-1.svg" },
        { "label": "credit-card.svg", "value": "credit-card.svg", "file": "icons/credit-card.svg" },
        { "label": "database.svg", "value": "database.svg", "file": "icons/database.svg" },
        { "label": "delicious.svg", "value": "delicious.svg", "file": "icons/delicious.svg" },
        { "label": "deviantart.svg", "value": "deviantart.svg", "file": "icons/deviantart.svg" },
        { "label": "diagram-1.svg", "value": "diagram-1.svg", "file": "icons/diagram-1.svg" },
        { "label": "diagram-2.svg", "value": "diagram-2.svg", "file": "icons/diagram-2.svg" },
        { "label": "diagram.svg", "value": "diagram.svg", "file": "icons/diagram.svg" },
        { "label": "diamond.svg", "value": "diamond.svg", "file": "icons/diamond.svg" },
        { "label": "digg.svg", "value": "digg.svg", "file": "icons/digg.svg" },
        { "label": "disqus.svg", "value": "disqus.svg", "file": "icons/disqus.svg" },
        { "label": "docs.svg", "value": "docs.svg", "file": "icons/docs.svg" },
        { "label": "document-1.svg", "value": "document-1.svg", "file": "icons/document-1.svg" },
        { "label": "document-2.svg", "value": "document-2.svg", "file": "icons/document-2.svg" },
        { "label": "document-3.svg", "value": "document-3.svg", "file": "icons/document-3.svg" },
        { "label": "document-4.svg", "value": "document-4.svg", "file": "icons/document-4.svg" },
        { "label": "document.svg", "value": "document.svg", "file": "icons/document.svg" },
        { "label": "dribbble.svg", "value": "dribbble.svg", "file": "icons/dribbble.svg" },
        { "label": "drive.svg", "value": "drive.svg", "file": "icons/drive.svg" },
        { "label": "dropbox.svg", "value": "dropbox.svg", "file": "icons/dropbox.svg" },
        { "label": "drupal.svg", "value": "drupal.svg", "file": "icons/drupal.svg" },
        { "label": "easel.svg", "value": "easel.svg", "file": "icons/easel.svg" },
        { "label": "electronics-arts.svg", "value": "electronics-arts.svg", "file": "icons/electronics-arts.svg" },
        { "label": "ello.svg", "value": "ello.svg", "file": "icons/ello.svg" },
        { "label": "etsy.svg", "value": "etsy.svg", "file": "icons/etsy.svg" },
        { "label": "evernote.svg", "value": "evernote.svg", "file": "icons/evernote.svg" },
        { "label": "excel.svg", "value": "excel.svg", "file": "icons/excel.svg" },
        { "label": "facebook.svg", "value": "facebook.svg", "file": "icons/facebook.svg" },
        { "label": "feedburner.svg", "value": "feedburner.svg", "file": "icons/feedburner.svg" },
        { "label": "files.svg", "value": "files.svg", "file": "icons/files.svg" },
        { "label": "file.svg", "value": "file.svg", "file": "icons/file.svg" },
        { "label": "finder.svg", "value": "finder.svg", "file": "icons/finder.svg" },
        { "label": "firefox.svg", "value": "firefox.svg", "file": "icons/firefox.svg" },
        { "label": "flask.svg", "value": "flask.svg", "file": "icons/flask.svg" },
        { "label": "flickr.svg", "value": "flickr.svg", "file": "icons/flickr.svg" },
        { "label": "float.svg", "value": "float.svg", "file": "icons/float.svg" },
        { "label": "floppy-disk-1.svg", "value": "floppy-disk-1.svg", "file": "icons/floppy-disk-1.svg" },
        { "label": "floppy-disk.svg", "value": "floppy-disk.svg", "file": "icons/floppy-disk.svg" },
        { "label": "folder-1.svg", "value": "folder-1.svg", "file": "icons/folder-1.svg" },
        { "label": "folder-2.svg", "value": "folder-2.svg", "file": "icons/folder-2.svg" },
        { "label": "foursquare.svg", "value": "foursquare.svg", "file": "icons/foursquare.svg" },
        { "label": "game-console-1.svg", "value": "game-console-1.svg", "file": "icons/game-console-1.svg" },
        { "label": "game-console-2.svg", "value": "game-console-2.svg", "file": "icons/game-console-2.svg" },
        { "label": "gamepad.svg", "value": "gamepad.svg", "file": "icons/gamepad.svg" },
        { "label": "github.svg", "value": "github.svg", "file": "icons/github.svg" },
        { "label": "globe.svg", "value": "globe.svg", "file": "icons/globe.svg" },
        { "label": "gmail.svg", "value": "gmail.svg", "file": "icons/gmail.svg" },
        { "label": "google-allo.svg", "value": "google-allo.svg", "file": "icons/google-allo.svg" },
        { "label": "google-analytics.svg", "value": "google-analytics.svg", "file": "icons/google-analytics.svg" },
        { "label": "google-duo.svg", "value": "google-duo.svg", "file": "icons/google-duo.svg" },
        { "label": "google-earth.svg", "value": "google-earth.svg", "file": "icons/google-earth.svg" },
        { "label": "google-plus.svg", "value": "google-plus.svg", "file": "icons/google-plus.svg" },
        { "label": "google.svg", "value": "google.svg", "file": "icons/google.svg" },
        { "label": "graphics.svg", "value": "graphics.svg", "file": "icons/graphics.svg" },
        { "label": "grooveshark.svg", "value": "grooveshark.svg", "file": "icons/grooveshark.svg" },
        { "label": "groupon.svg", "value": "groupon.svg", "file": "icons/groupon.svg" },
        { "label": "hangouts.svg", "value": "hangouts.svg", "file": "icons/hangouts.svg" },
        { "label": "headphones.svg", "value": "headphones.svg", "file": "icons/headphones.svg" },
        { "label": "hi5.svg", "value": "hi5.svg", "file": "icons/hi5.svg" },
        { "label": "house.svg", "value": "house.svg", "file": "icons/house.svg" },
        { "label": "houzz.svg", "value": "houzz.svg", "file": "icons/houzz.svg" },
        { "label": "html-5.svg", "value": "html-5.svg", "file": "icons/html-5.svg" },
        { "label": "ibooks.svg", "value": "ibooks.svg", "file": "icons/ibooks.svg" },
        { "label": "icloud.svg", "value": "icloud.svg", "file": "icons/icloud.svg" },
        { "label": "icons8-2k-logo-500.svg", "value": "icons8-2k-logo-500.svg", "file": "icons/icons8-2k-logo-500.svg" },
        { "label": "icons8-500px-500.svg", "value": "icons8-500px-500.svg", "file": "icons/icons8-500px-500.svg" },
        { "label": "icons8-crunchyroll-500.svg", "value": "icons8-crunchyroll-500.svg", "file": "icons/icons8-crunchyroll-500.svg" },
        { "label": "icons8-deezer-500.svg", "value": "icons8-deezer-500.svg", "file": "icons/icons8-deezer-500.svg" },
        { "label": "icons8-dropbox-500.svg", "value": "icons8-dropbox-500.svg", "file": "icons/icons8-dropbox-500.svg" },
        { "label": "icons8-gog.com-500.svg", "value": "icons8-gog.com-500.svg", "file": "icons/icons8-gog.com-500.svg" },
        { "label": "icons8-netflix-500.svg", "value": "icons8-netflix-500.svg", "file": "icons/icons8-netflix-500.svg" },
        { "label": "icons8-onedrive-500.svg", "value": "icons8-onedrive-500.svg", "file": "icons/icons8-onedrive-500.svg" },
        { "label": "icons8-shazam-500.svg", "value": "icons8-shazam-500.svg", "file": "icons/icons8-shazam-500.svg" },
        { "label": "icons8-soundcloud-500.svg", "value": "icons8-soundcloud-500.svg", "file": "icons/icons8-soundcloud-500.svg" },
        { "label": "icons8-spotify-500.svg", "value": "icons8-spotify-500.svg", "file": "icons/icons8-spotify-500.svg" },
        { "label": "icons8-stack-overflow-500.svg", "value": "icons8-stack-overflow-500.svg", "file": "icons/icons8-stack-overflow-500.svg" },
        { "label": "icons8-vimeo-500.svg", "value": "icons8-vimeo-500.svg", "file": "icons/icons8-vimeo-500.svg" },
        { "label": "id-card-1.svg", "value": "id-card-1.svg", "file": "icons/id-card-1.svg" },
        { "label": "id-card.svg", "value": "id-card.svg", "file": "icons/id-card.svg" },
        { "label": "idea-1.svg", "value": "idea-1.svg", "file": "icons/idea-1.svg" },
        { "label": "idea-2.svg", "value": "idea-2.svg", "file": "icons/idea-2.svg" },
        { "label": "idea.svg", "value": "idea.svg", "file": "icons/idea.svg" },
        { "label": "instagram.svg", "value": "instagram.svg", "file": "icons/instagram.svg" },
        { "label": "joystick.svg", "value": "joystick.svg", "file": "icons/joystick.svg" },
        { "label": "keyboard.svg", "value": "keyboard.svg", "file": "icons/keyboard.svg" },
        { "label": "kickstarter.svg", "value": "kickstarter.svg", "file": "icons/kickstarter.svg" },
        { "label": "kik.svg", "value": "kik.svg", "file": "icons/kik.svg" },
        { "label": "labels-1.svg", "value": "labels-1.svg", "file": "icons/labels-1.svg" },
        { "label": "labels.svg", "value": "labels.svg", "file": "icons/labels.svg" },
        { "label": "laptop.svg", "value": "laptop.svg", "file": "icons/laptop.svg" },
        { "label": "layers.svg", "value": "layers.svg", "file": "icons/layers.svg" },
        { "label": "linkedin.svg", "value": "linkedin.svg", "file": "icons/linkedin.svg" },
        { "label": "lock-1.svg", "value": "lock-1.svg", "file": "icons/lock-1.svg" },
        { "label": "lock-2.svg", "value": "lock-2.svg", "file": "icons/lock-2.svg" },
        { "label": "lock.svg", "value": "lock.svg", "file": "icons/lock.svg" },
        { "label": "magnet.svg", "value": "magnet.svg", "file": "icons/magnet.svg" },
        { "label": "magnifying-glass-1.svg", "value": "magnifying-glass-1.svg", "file": "icons/magnifying-glass-1.svg" },
        { "label": "magnifying-glass-2.svg", "value": "magnifying-glass-2.svg", "file": "icons/magnifying-glass-2.svg" },
        { "label": "magnifying-glass-3.svg", "value": "magnifying-glass-3.svg", "file": "icons/magnifying-glass-3.svg" },
        { "label": "magnifying-glass.svg", "value": "magnifying-glass.svg", "file": "icons/magnifying-glass.svg" },
        { "label": "map.svg", "value": "map.svg", "file": "icons/map.svg" },
        { "label": "mcdonalds.svg", "value": "mcdonalds.svg", "file": "icons/mcdonalds.svg" },
        { "label": "medal.svg", "value": "medal.svg", "file": "icons/medal.svg" },
        { "label": "medium.svg", "value": "medium.svg", "file": "icons/medium.svg" },
        { "label": "megaphone.svg", "value": "megaphone.svg", "file": "icons/megaphone.svg" },
        { "label": "message-1.svg", "value": "message-1.svg", "file": "icons/message-1.svg" },
        { "label": "message-2.svg", "value": "message-2.svg", "file": "icons/message-2.svg" },
        { "label": "messenger.svg", "value": "messenger.svg", "file": "icons/messenger.svg" },
        { "label": "microphone-1.svg", "value": "microphone-1.svg", "file": "icons/microphone-1.svg" },
        { "label": "microphone-2.svg", "value": "microphone-2.svg", "file": "icons/microphone-2.svg" },
        { "label": "microphone.svg", "value": "microphone.svg", "file": "icons/microphone.svg" },
        { "label": "microsoft.svg", "value": "microsoft.svg", "file": "icons/microsoft.svg" },
        { "label": "mobile-shopping-1.svg", "value": "mobile-shopping-1.svg", "file": "icons/mobile-shopping-1.svg" },
        { "label": "mobile-shopping.svg", "value": "mobile-shopping.svg", "file": "icons/mobile-shopping.svg" },
        { "label": "money.svg", "value": "money.svg", "file": "icons/money.svg" },
        { "label": "mouse.svg", "value": "mouse.svg", "file": "icons/mouse.svg" },
        { "label": "mug.svg", "value": "mug.svg", "file": "icons/mug.svg" },
        { "label": "netflix.svg", "value": "netflix.svg", "file": "icons/netflix.svg" },
        { "label": "news.svg", "value": "news.svg", "file": "icons/news.svg" },
        { "label": "notes-1.svg", "value": "notes-1.svg", "file": "icons/notes-1.svg" },
        { "label": "notes.svg", "value": "notes.svg", "file": "icons/notes.svg" },
        { "label": "nvidia.svg", "value": "nvidia.svg", "file": "icons/nvidia.svg" },
        { "label": "online-shopping.svg", "value": "online-shopping.svg", "file": "icons/online-shopping.svg" },
        { "label": "open-source.svg", "value": "open-source.svg", "file": "icons/open-source.svg" },
        { "label": "outlook.svg", "value": "outlook.svg", "file": "icons/outlook.svg" },
        { "label": "overflowing.svg", "value": "overflowing.svg", "file": "icons/overflowing.svg" },
        { "label": "pandora.svg", "value": "pandora.svg", "file": "icons/pandora.svg" },
        { "label": "pantone.svg", "value": "pantone.svg", "file": "icons/pantone.svg" },
        { "label": "path.svg", "value": "path.svg", "file": "icons/path.svg" },
        { "label": "paypal.svg", "value": "paypal.svg", "file": "icons/paypal.svg" },
        { "label": "pencil-1.svg", "value": "pencil-1.svg", "file": "icons/pencil-1.svg" },
        { "label": "pencil-2.svg", "value": "pencil-2.svg", "file": "icons/pencil-2.svg" },
        { "label": "pencil-3.svg", "value": "pencil-3.svg", "file": "icons/pencil-3.svg" },
        { "label": "pencil-4.svg", "value": "pencil-4.svg", "file": "icons/pencil-4.svg" },
        { "label": "pencil.svg", "value": "pencil.svg", "file": "icons/pencil.svg" },
        { "label": "pen.svg", "value": "pen.svg", "file": "icons/pen.svg" },
        { "label": "pepsi.svg", "value": "pepsi.svg", "file": "icons/pepsi.svg" },
        { "label": "periscope.svg", "value": "periscope.svg", "file": "icons/periscope.svg" },
        { "label": "photo-1.svg", "value": "photo-1.svg", "file": "icons/photo-1.svg" },
        { "label": "photos.svg", "value": "photos.svg", "file": "icons/photos.svg" },
        { "label": "picasa.svg", "value": "picasa.svg", "file": "icons/picasa.svg" },
        { "label": "pinterest.svg", "value": "pinterest.svg", "file": "icons/pinterest.svg" },
        { "label": "placeholder-1.svg", "value": "placeholder-1.svg", "file": "icons/placeholder-1.svg" },
        { "label": "placeholder.svg", "value": "placeholder.svg", "file": "icons/placeholder.svg" },
        { "label": "plurk.svg", "value": "plurk.svg", "file": "icons/plurk.svg" },
        { "label": "pocket.svg", "value": "pocket.svg", "file": "icons/pocket.svg" },
        { "label": "printer-1.svg", "value": "printer-1.svg", "file": "icons/printer-1.svg" },
        { "label": "printer.svg", "value": "printer.svg", "file": "icons/printer.svg" },
        { "label": "quicktime.svg", "value": "quicktime.svg", "file": "icons/quicktime.svg" },
        { "label": "quora.svg", "value": "quora.svg", "file": "icons/quora.svg" },
        { "label": "reddit.svg", "value": "reddit.svg", "file": "icons/reddit.svg" },
        { "label": "responsive-1.svg", "value": "responsive-1.svg", "file": "icons/responsive-1.svg" },
        { "label": "responsive.svg", "value": "responsive.svg", "file": "icons/responsive.svg" },
        { "label": "rocket.svg", "value": "rocket.svg", "file": "icons/rocket.svg" },
        { "label": "router.svg", "value": "router.svg", "file": "icons/router.svg" },
        { "label": "rss.svg", "value": "rss.svg", "file": "icons/rss.svg" },
        { "label": "safari.svg", "value": "safari.svg", "file": "icons/safari.svg" },
        { "label": "safebox.svg", "value": "safebox.svg", "file": "icons/safebox.svg" },
        { "label": "sand-clock.svg", "value": "sand-clock.svg", "file": "icons/sand-clock.svg" },
        { "label": "scissors.svg", "value": "scissors.svg", "file": "icons/scissors.svg" },
        { "label": "scribd.svg", "value": "scribd.svg", "file": "icons/scribd.svg" },
        { "label": "search.svg", "value": "search.svg", "file": "icons/search.svg" },
        { "label": "settings.svg", "value": "settings.svg", "file": "icons/settings.svg" },
        { "label": "share.svg", "value": "share.svg", "file": "icons/share.svg" },
        { "label": "shazam.svg", "value": "shazam.svg", "file": "icons/shazam.svg" },
        { "label": "sheets.svg", "value": "sheets.svg", "file": "icons/sheets.svg" },
        { "label": "shield.svg", "value": "shield.svg", "file": "icons/shield.svg" },
        { "label": "shutterstock.svg", "value": "shutterstock.svg", "file": "icons/shutterstock.svg" },
        { "label": "signal.svg", "value": "signal.svg", "file": "icons/signal.svg" },
        { "label": "simple.svg", "value": "simple.svg", "file": "icons/simple.svg" },
        { "label": "sketch.svg", "value": "sketch.svg", "file": "icons/sketch.svg" },
        { "label": "skype.svg", "value": "skype.svg", "file": "icons/skype.svg" },
        { "label": "slack.svg", "value": "slack.svg", "file": "icons/slack.svg" },
        { "label": "slideshare.svg", "value": "slideshare.svg", "file": "icons/slideshare.svg" },
        { "label": "slides.svg", "value": "slides.svg", "file": "icons/slides.svg" },
        { "label": "smartphone-2.svg", "value": "smartphone-2.svg", "file": "icons/smartphone-2.svg" },
        { "label": "smugmug.svg", "value": "smugmug.svg", "file": "icons/smugmug.svg" },
        { "label": "snapchat.svg", "value": "snapchat.svg", "file": "icons/snapchat.svg" },
        { "label": "soundcloud.svg", "value": "soundcloud.svg", "file": "icons/soundcloud.svg" },
        { "label": "speech-bubble.svg", "value": "speech-bubble.svg", "file": "icons/speech-bubble.svg" },
        { "label": "spotify.svg", "value": "spotify.svg", "file": "icons/spotify.svg" },        
        { "label": "store.svg", "value": "store.svg", "file": "icons/store.svg" },
        { "label": "stumbleupon.svg", "value": "stumbleupon.svg", "file": "icons/stumbleupon.svg" },
        { "label": "swarm.svg", "value": "swarm.svg", "file": "icons/swarm.svg" },
        { "label": "swift.svg", "value": "swift.svg", "file": "icons/swift.svg" },
        { "label": "tablet-1.svg", "value": "tablet-1.svg", "file": "icons/tablet-1.svg" },
        { "label": "tablet.svg", "value": "tablet.svg", "file": "icons/tablet.svg" },        
        { "label": "target-2.svg", "value": "target-2.svg", "file": "icons/target-2.svg" },
        { "label": "target.svg", "value": "target.svg", "file": "icons/target.svg" },
        { "label": "team-viewer.svg", "value": "team-viewer.svg", "file": "icons/team-viewer.svg" },
        { "label": "tinder.svg", "value": "tinder.svg", "file": "icons/tinder.svg" },
        { "label": "tools.svg", "value": "tools.svg", "file": "icons/tools.svg" },
        { "label": "translate.svg", "value": "translate.svg", "file": "icons/translate.svg" },
        { "label": "trash.svg", "value": "trash.svg", "file": "icons/trash.svg" },
        { "label": "trello.svg", "value": "trello.svg", "file": "icons/trello.svg" },
        { "label": "tripadvisor.svg", "value": "tripadvisor.svg", "file": "icons/tripadvisor.svg" },
        { "label": "trophy-1.svg", "value": "trophy-1.svg", "file": "icons/trophy-1.svg" },
        { "label": "trophy.svg", "value": "trophy.svg", "file": "icons/trophy.svg" },
        { "label": "twitch.svg", "value": "twitch.svg", "file": "icons/twitch.svg" },
        { "label": "twitter-1.svg", "value": "twitter-1.svg", "file": "icons/twitter-1.svg" },
        { "label": "twitter.svg", "value": "twitter.svg", "file": "icons/twitter.svg" },
        { "label": "uber.svg", "value": "uber.svg", "file": "icons/uber.svg" },
        { "label": "umbrella.svg", "value": "umbrella.svg", "file": "icons/umbrella.svg" },
        { "label": "usb.svg", "value": "usb.svg", "file": "icons/usb.svg" },
        { "label": "user.svg", "value": "user.svg", "file": "icons/user.svg" },
        { "label": "viddler.svg", "value": "viddler.svg", "file": "icons/viddler.svg" },
        { "label": "video-player-1.svg", "value": "video-player-1.svg", "file": "icons/video-player-1.svg" },
        { "label": "video-player-2.svg", "value": "video-player-2.svg", "file": "icons/video-player-2.svg" },
        { "label": "video-player.svg", "value": "video-player.svg", "file": "icons/video-player.svg" },
        { "label": "vimeo.svg", "value": "vimeo.svg", "file": "icons/vimeo.svg" },
        { "label": "vine.svg", "value": "vine.svg", "file": "icons/vine.svg" },
        { "label": "vk.svg", "value": "vk.svg", "file": "icons/vk.svg" },
        { "label": "vlc.svg", "value": "vlc.svg", "file": "icons/vlc.svg" },
        { "label": "wattpad.svg", "value": "wattpad.svg", "file": "icons/wattpad.svg" },
        { "label": "waze.svg", "value": "waze.svg", "file": "icons/waze.svg" },
        { "label": "wechat.svg", "value": "wechat.svg", "file": "icons/wechat.svg" },
        { "label": "whatsapp.svg", "value": "whatsapp.svg", "file": "icons/whatsapp.svg" },
        { "label": "wikipedia.svg", "value": "wikipedia.svg", "file": "icons/wikipedia.svg" },
        { "label": "windows-media-player.svg", "value": "windows-media-player.svg", "file": "icons/windows-media-player.svg" },
        { "label": "windows.svg", "value": "windows.svg", "file": "icons/windows.svg" },
        { "label": "wordpress.svg", "value": "wordpress.svg", "file": "icons/wordpress.svg" },
        { "label": "word.svg", "value": "word.svg", "file": "icons/word.svg" },
        { "label": "xbox.svg", "value": "xbox.svg", "file": "icons/xbox.svg" },
        { "label": "xiaomi.svg", "value": "xiaomi.svg", "file": "icons/xiaomi.svg" },
        { "label": "xing.svg", "value": "xing.svg", "file": "icons/xing.svg" },
        { "label": "yahoo.svg", "value": "yahoo.svg", "file": "icons/yahoo.svg" },
        { "label": "yelp.svg", "value": "yelp.svg", "file": "icons/yelp.svg" },
        { "label": "youtube.svg", "value": "youtube.svg", "file": "icons/youtube.svg" },
        { "label": "zootool.svg", "value": "zootool.svg", "file": "icons/zootool.svg" }
    ],
"groupicons":
    [ 
        { "label": "bookmark.png", "value": "bookmark.png", "file": "gicons/bookmark.png" },
        { "label": "backpack-2.png", "value": "backpack-2.png", "file": "gicons/backpack-2.png" },
        { "label": "bill.png", "value": "bill.png", "file": "gicons/bill.png" },        
        { "label": "bookshelf.png", "value": "bookshelf.png", "file": "gicons/bookshelf.png" },
        { "label": "briefcase.png", "value": "briefcase.png", "file": "gicons/briefcase.png" },
        { "label": "bus.png", "value": "bus.png", "file": "gicons/bus.png" },
        { "label": "calc.png", "value": "calc.png", "file": "gicons/calc.png" },
        { "label": "candy.png", "value": "candy.png", "file": "gicons/candy.png" },
        { "label": "car.png", "value": "car.png", "file": "gicons/car.png" },
        { "label": "chalkboard.png", "value": "chalkboard.png", "file": "gicons/chalkboard.png" },
        { "label": "clock.png", "value": "clock.png", "file": "gicons/clock.png" },
        { "label": "cloud-check.png", "value": "cloud-check.png", "file": "gicons/cloud-check.png" },
        { "label": "cloud-down.png", "value": "cloud-down.png", "file": "gicons/cloud-down.png" },
        { "label": "cloud-error.png", "value": "cloud-error.png", "file": "gicons/cloud-error.png" },
        { "label": "cloud-refresh.png", "value": "cloud-refresh.png", "file": "gicons/cloud-refresh.png" },
        { "label": "cloud-up.png", "value": "cloud-up.png", "file": "gicons/cloud-up.png" },        
        { "label": "donut.png", "value": "donut.png", "file": "gicons/donut.png" },
        { "label": "drop.png", "value": "drop.png", "file": "gicons/drop.png" },
        { "label": "eye.png", "value": "eye.png", "file": "gicons/eye.png" },
        { "label": "flag.png", "value": "flag.png", "file": "gicons/flag.png" },
        { "label": "glasses.png", "value": "glasses.png", "file": "gicons/glasses.png" },
        { "label": "glove.png", "value": "glove.png", "file": "gicons/glove.png" },
        { "label": "hamburger.png", "value": "hamburger.png", "file": "gicons/hamburger.png" },
        { "label": "hand.png", "value": "hand.png", "file": "gicons/hand.png" },
        { "label": "hotdog.png", "value": "hotdog.png", "file": "gicons/hotdog.png" },
        { "label": "knife.png", "value": "knife.png", "file": "gicons/knife.png" },
        { "label": "label.png", "value": "label.png", "file": "gicons/label.png" },
        { "label": "map2.png", "value": "map2.png", "file": "gicons/map2.png" },
        { "label": "map.png", "value": "map.png", "file": "gicons/map.png" },
        { "label": "marker.png", "value": "marker.png", "file": "gicons/marker.png" },
        { "label": "mcfly.png", "value": "mcfly.png", "file": "gicons/mcfly.png" },
        { "label": "medicine.png", "value": "medicine.png", "file": "gicons/medicine.png" },
        { "label": "mountain.png", "value": "mountain.png", "file": "gicons/mountain.png" },
        { "label": "muffin.png", "value": "muffin.png", "file": "gicons/muffin.png" },
        { "label": "open-letter.png", "value": "open-letter.png", "file": "gicons/open-letter.png" },
        { "label": "packman.png", "value": "packman.png", "file": "gicons/packman.png" },
        { "label": "paper-plane.png", "value": "paper-plane.png", "file": "gicons/paper-plane.png" },
        { "label": "photo.png", "value": "photo.png", "file": "gicons/photo.png" },
        { "label": "piggy.png", "value": "piggy.png", "file": "gicons/piggy.png" },
        { "label": "pin.png", "value": "pin.png", "file": "gicons/pin.png" },
        { "label": "pizza.png", "value": "pizza.png", "file": "gicons/pizza.png" },
        { "label": "price.png", "value": "price.png", "file": "gicons/price.png" },
        { "label": "r2d2.png", "value": "r2d2.png", "file": "gicons/r2d2.png" },
        { "label": "rocket.png", "value": "rocket.png", "file": "gicons/rocket.png" },
        { "label": "skull.png", "value": "skull.png", "file": "gicons/skull.png" },
        { "label": "speakers.png", "value": "speakers.png", "file": "gicons/speakers.png" },
        { "label": "store.png", "value": "store.png", "file": "gicons/store.png" },
        { "label": "tactics.png", "value": "tactics.png", "file": "gicons/tactics.png" },
        { "label": "toaster.png", "value": "toaster.png", "file": "gicons/toaster.png" },
        { "label": "train.png", "value": "train.png", "file": "gicons/train.png" },
        { "label": "umbrella.png", "value": "umbrella.png", "file": "gicons/umbrella.png" },
        { "label": "watch.png", "value": "watch.png", "file": "gicons/watch.png" },
        { "label": "www.png", "value": "www.png", "file": "gicons/www.png" },
        { "label": "about.svg", "value": "about.svg", "file": "gicons/about.svg" },
        { "label": "accept_database.svg", "value": "accept_database.svg", "file": "gicons/accept_database.svg" },
        { "label": "add_column.svg", "value": "add_column.svg", "file": "gicons/add_column.svg" },
        { "label": "add_database.svg", "value": "add_database.svg", "file": "gicons/add_database.svg" },
        { "label": "add_image.svg", "value": "add_image.svg", "file": "gicons/add_image.svg" },
        { "label": "address_book.svg", "value": "address_book.svg", "file": "gicons/address_book.svg" },
        { "label": "add_row.svg", "value": "add_row.svg", "file": "gicons/add_row.svg" },
        { "label": "advance.svg", "value": "advance.svg", "file": "gicons/advance.svg" },
        { "label": "advertising.svg", "value": "advertising.svg", "file": "gicons/advertising.svg" },
        { "label": "alarm_clock.svg", "value": "alarm_clock.svg", "file": "gicons/alarm_clock.svg" },
        { "label": "alphabetical_sorting_az.svg", "value": "alphabetical_sorting_az.svg", "file": "gicons/alphabetical_sorting_az.svg" },
        { "label": "alphabetical_sorting_za.svg", "value": "alphabetical_sorting_za.svg", "file": "gicons/alphabetical_sorting_za.svg" },
        { "label": "android_os.svg", "value": "android_os.svg", "file": "gicons/android_os.svg" },
        { "label": "answers.svg", "value": "answers.svg", "file": "gicons/answers.svg" },
        { "label": "approval.svg", "value": "approval.svg", "file": "gicons/approval.svg" },
        { "label": "approve.svg", "value": "approve.svg", "file": "gicons/approve.svg" },
        { "label": "area_chart.svg", "value": "area_chart.svg", "file": "gicons/area_chart.svg" },
        { "label": "assistant.svg", "value": "assistant.svg", "file": "gicons/assistant.svg" },
        { "label": "audio_file.svg", "value": "audio_file.svg", "file": "gicons/audio_file.svg" },
        { "label": "automatic.svg", "value": "automatic.svg", "file": "gicons/automatic.svg" },
        { "label": "automotive.svg", "value": "automotive.svg", "file": "gicons/automotive.svg" },
        { "label": "bad_decision.svg", "value": "bad_decision.svg", "file": "gicons/bad_decision.svg" },
        { "label": "bar_chart.svg", "value": "bar_chart.svg", "file": "gicons/bar_chart.svg" },
        { "label": "bbc.svg", "value": "bbc.svg", "file": "gicons/bbc.svg" },
        { "label": "bearish.svg", "value": "bearish.svg", "file": "gicons/bearish.svg" },
        { "label": "binoculars.svg", "value": "binoculars.svg", "file": "gicons/binoculars.svg" },
        { "label": "biohazard.svg", "value": "biohazard.svg", "file": "gicons/biohazard.svg" },
        { "label": "biomass.svg", "value": "biomass.svg", "file": "gicons/biomass.svg" },
        { "label": "biotech.svg", "value": "biotech.svg", "file": "gicons/biotech.svg" },
        { "label": "bookmark.svg", "value": "bookmark.svg", "file": "gicons/bookmark.svg" },
        { "label": "briefcase.svg", "value": "briefcase.svg", "file": "gicons/briefcase.svg" },
        { "label": "broken_link.svg", "value": "broken_link.svg", "file": "gicons/broken_link.svg" },
        { "label": "bullish.svg", "value": "bullish.svg", "file": "gicons/bullish.svg" },
        { "label": "business_contact.svg", "value": "business_contact.svg", "file": "gicons/business_contact.svg" },
        { "label": "businessman.svg", "value": "businessman.svg", "file": "gicons/businessman.svg" },
        { "label": "business.svg", "value": "business.svg", "file": "gicons/business.svg" },
        { "label": "businesswoman.svg", "value": "businesswoman.svg", "file": "gicons/businesswoman.svg" },
        { "label": "butting_in.svg", "value": "butting_in.svg", "file": "gicons/butting_in.svg" },
        { "label": "cable_release.svg", "value": "cable_release.svg", "file": "gicons/cable_release.svg" },
        { "label": "calculator.svg", "value": "calculator.svg", "file": "gicons/calculator.svg" },
        { "label": "calendar.svg", "value": "calendar.svg", "file": "gicons/calendar.svg" },
        { "label": "callback.svg", "value": "callback.svg", "file": "gicons/callback.svg" },
        { "label": "call_transfer.svg", "value": "call_transfer.svg", "file": "gicons/call_transfer.svg" },
        { "label": "camcorder_pro.svg", "value": "camcorder_pro.svg", "file": "gicons/camcorder_pro.svg" },
        { "label": "camcorder.svg", "value": "camcorder.svg", "file": "gicons/camcorder.svg" },
        { "label": "camera_addon.svg", "value": "camera_addon.svg", "file": "gicons/camera_addon.svg" },
        { "label": "camera_identification.svg", "value": "camera_identification.svg", "file": "gicons/camera_identification.svg" },
        { "label": "camera.svg", "value": "camera.svg", "file": "gicons/camera.svg" },
        { "label": "cancel.svg", "value": "cancel.svg", "file": "gicons/cancel.svg" },
        { "label": "candle_sticks.svg", "value": "candle_sticks.svg", "file": "gicons/candle_sticks.svg" },
        { "label": "capacitor.svg", "value": "capacitor.svg", "file": "gicons/capacitor.svg" },
        { "label": "cd_logo.svg", "value": "cd_logo.svg", "file": "gicons/cd_logo.svg" },
        { "label": "cell_phone.svg", "value": "cell_phone.svg", "file": "gicons/cell_phone.svg" },
        { "label": "charge_battery.svg", "value": "charge_battery.svg", "file": "gicons/charge_battery.svg" },
        { "label": "checkmark.svg", "value": "checkmark.svg", "file": "gicons/checkmark.svg" },
        { "label": "circuit.svg", "value": "circuit.svg", "file": "gicons/circuit.svg" },
        { "label": "clapperboard.svg", "value": "clapperboard.svg", "file": "gicons/clapperboard.svg" },
        { "label": "clear_filters.svg", "value": "clear_filters.svg", "file": "gicons/clear_filters.svg" },
        { "label": "clock.svg", "value": "clock.svg", "file": "gicons/clock.svg" },
        { "label": "close_up_mode.svg", "value": "close_up_mode.svg", "file": "gicons/close_up_mode.svg" },
        { "label": "cloth.svg", "value": "cloth.svg", "file": "gicons/cloth.svg" },
        { "label": "collaboration.svg", "value": "collaboration.svg", "file": "gicons/collaboration.svg" },
        { "label": "collapse.svg", "value": "collapse.svg", "file": "gicons/collapse.svg" },
        { "label": "collect.svg", "value": "collect.svg", "file": "gicons/collect.svg" },
        { "label": "combo_chart.svg", "value": "combo_chart.svg", "file": "gicons/combo_chart.svg" },
        { "label": "command_line.svg", "value": "command_line.svg", "file": "gicons/command_line.svg" },
        { "label": "comments.svg", "value": "comments.svg", "file": "gicons/comments.svg" },
        { "label": "compact_camera.svg", "value": "compact_camera.svg", "file": "gicons/compact_camera.svg" },
        { "label": "conference_call.svg", "value": "conference_call.svg", "file": "gicons/conference_call.svg" },
        { "label": "contacts.svg", "value": "contacts.svg", "file": "gicons/contacts.svg" },
        { "label": "copyleft.svg", "value": "copyleft.svg", "file": "gicons/copyleft.svg" },
        { "label": "copyright.svg", "value": "copyright.svg", "file": "gicons/copyright.svg" },
        { "label": "crystal_oscillator.svg", "value": "crystal_oscillator.svg", "file": "gicons/crystal_oscillator.svg" },
        { "label": "currency_exchange.svg", "value": "currency_exchange.svg", "file": "gicons/currency_exchange.svg" },
        { "label": "cursor.svg", "value": "cursor.svg", "file": "gicons/cursor.svg" },
        { "label": "customer_support.svg", "value": "customer_support.svg", "file": "gicons/customer_support.svg" },
        { "label": "dam.svg", "value": "dam.svg", "file": "gicons/dam.svg" },
        { "label": "database.svg", "value": "database.svg", "file": "gicons/database.svg" },
        { "label": "data_configuration.svg", "value": "data_configuration.svg", "file": "gicons/data_configuration.svg" },
        { "label": "data_sheet.svg", "value": "data_sheet.svg", "file": "gicons/data_sheet.svg" },
        { "label": "debian.svg", "value": "debian.svg", "file": "gicons/debian.svg" },
        { "label": "debt.svg", "value": "debt.svg", "file": "gicons/debt.svg" },
        { "label": "decision.svg", "value": "decision.svg", "file": "gicons/decision.svg" },
        { "label": "delete_column.svg", "value": "delete_column.svg", "file": "gicons/delete_column.svg" },
        { "label": "delete_database.svg", "value": "delete_database.svg", "file": "gicons/delete_database.svg" },
        { "label": "delete_row.svg", "value": "delete_row.svg", "file": "gicons/delete_row.svg" },
        { "label": "department.svg", "value": "department.svg", "file": "gicons/department.svg" },
        { "label": "deployment.svg", "value": "deployment.svg", "file": "gicons/deployment.svg" },
        { "label": "diploma_1.svg", "value": "diploma_1.svg", "file": "gicons/diploma_1.svg" },
        { "label": "diploma_2.svg", "value": "diploma_2.svg", "file": "gicons/diploma_2.svg" },
        { "label": "disapprove.svg", "value": "disapprove.svg", "file": "gicons/disapprove.svg" },
        { "label": "disclaimer.svg", "value": "disclaimer.svg", "file": "gicons/disclaimer.svg" },
        { "label": "dislike.svg", "value": "dislike.svg", "file": "gicons/dislike.svg" },
        { "label": "display.svg", "value": "display.svg", "file": "gicons/display.svg" },
        { "label": "document.svg", "value": "document.svg", "file": "gicons/document.svg" },
        { "label": "donate.svg", "value": "donate.svg", "file": "gicons/donate.svg" },
        { "label": "do_not_inhale.svg", "value": "do_not_inhale.svg", "file": "gicons/do_not_inhale.svg" },
        { "label": "do_not_insert.svg", "value": "do_not_insert.svg", "file": "gicons/do_not_insert.svg" },
        { "label": "do_not_mix.svg", "value": "do_not_mix.svg", "file": "gicons/do_not_mix.svg" },
        { "label": "doughnut_chart.svg", "value": "doughnut_chart.svg", "file": "gicons/doughnut_chart.svg" },
        { "label": "down_left.svg", "value": "down_left.svg", "file": "gicons/down_left.svg" },
        { "label": "download.svg", "value": "download.svg", "file": "gicons/download.svg" },
        { "label": "down_right.svg", "value": "down_right.svg", "file": "gicons/down_right.svg" },
        { "label": "down.svg", "value": "down.svg", "file": "gicons/down.svg" },
        { "label": "dribbble.svg", "value": "dribbble.svg", "file": "gicons/dribbble.svg" },
        { "label": "dvd_logo.svg", "value": "dvd_logo.svg", "file": "gicons/dvd_logo.svg" },
        { "label": "edit_image.svg", "value": "edit_image.svg", "file": "gicons/edit_image.svg" },
        { "label": "electrical_sensor.svg", "value": "electrical_sensor.svg", "file": "gicons/electrical_sensor.svg" },
        { "label": "electrical_threshold.svg", "value": "electrical_threshold.svg", "file": "gicons/electrical_threshold.svg" },
        { "label": "electricity.svg", "value": "electricity.svg", "file": "gicons/electricity.svg" },
        { "label": "electro_devices.svg", "value": "electro_devices.svg", "file": "gicons/electro_devices.svg" },
        { "label": "electronics.svg", "value": "electronics.svg", "file": "gicons/electronics.svg" },
        { "label": "empty_battery.svg", "value": "empty_battery.svg", "file": "gicons/empty_battery.svg" },
        { "label": "empty_filter.svg", "value": "empty_filter.svg", "file": "gicons/empty_filter.svg" },
        { "label": "empty_trash.svg", "value": "empty_trash.svg", "file": "gicons/empty_trash.svg" },
        { "label": "end_call.svg", "value": "end_call.svg", "file": "gicons/end_call.svg" },
        { "label": "engineering.svg", "value": "engineering.svg", "file": "gicons/engineering.svg" },
        { "label": "entering_heaven_alive.svg", "value": "entering_heaven_alive.svg", "file": "gicons/entering_heaven_alive.svg" },
        { "label": "expand.svg", "value": "expand.svg", "file": "gicons/expand.svg" },
        { "label": "expired.svg", "value": "expired.svg", "file": "gicons/expired.svg" },
        { "label": "export.svg", "value": "export.svg", "file": "gicons/export.svg" },
        { "label": "external.svg", "value": "external.svg", "file": "gicons/external.svg" },
        { "label": "factory_breakdown.svg", "value": "factory_breakdown.svg", "file": "gicons/factory_breakdown.svg" },
        { "label": "factory.svg", "value": "factory.svg", "file": "gicons/factory.svg" },
        { "label": "faq.svg", "value": "faq.svg", "file": "gicons/faq.svg" },
        { "label": "feedback.svg", "value": "feedback.svg", "file": "gicons/feedback.svg" },
        { "label": "feed_in.svg", "value": "feed_in.svg", "file": "gicons/feed_in.svg" },
        { "label": "file.svg", "value": "file.svg", "file": "gicons/file.svg" },
        { "label": "filing_cabinet.svg", "value": "filing_cabinet.svg", "file": "gicons/filing_cabinet.svg" },
        { "label": "filled_filter.svg", "value": "filled_filter.svg", "file": "gicons/filled_filter.svg" },
        { "label": "film_reel.svg", "value": "film_reel.svg", "file": "gicons/film_reel.svg" },
        { "label": "film.svg", "value": "film.svg", "file": "gicons/film.svg" },
        { "label": "fine_print.svg", "value": "fine_print.svg", "file": "gicons/fine_print.svg" },
        { "label": "flash_auto.svg", "value": "flash_auto.svg", "file": "gicons/flash_auto.svg" },
        { "label": "flash_off.svg", "value": "flash_off.svg", "file": "gicons/flash_off.svg" },
        { "label": "flash_on.svg", "value": "flash_on.svg", "file": "gicons/flash_on.svg" },
        { "label": "flow_chart.svg", "value": "flow_chart.svg", "file": "gicons/flow_chart.svg" },
        { "label": "folder.svg", "value": "folder.svg", "file": "gicons/folder.svg" },
        { "label": "frame.svg", "value": "frame.svg", "file": "gicons/frame.svg" },
        { "label": "full_battery.svg", "value": "full_battery.svg", "file": "gicons/full_battery.svg" },
        { "label": "full_trash.svg", "value": "full_trash.svg", "file": "gicons/full_trash.svg" },
        { "label": "gallery.svg", "value": "gallery.svg", "file": "gicons/gallery.svg" },
        { "label": "genealogy.svg", "value": "genealogy.svg", "file": "gicons/genealogy.svg" },
        { "label": "generic_sorting_asc.svg", "value": "generic_sorting_asc.svg", "file": "gicons/generic_sorting_asc.svg" },
        { "label": "generic_sorting_desc.svg", "value": "generic_sorting_desc.svg", "file": "gicons/generic_sorting_desc.svg" },
        { "label": "globe.svg", "value": "globe.svg", "file": "gicons/globe.svg" },
        { "label": "good_decision.svg", "value": "good_decision.svg", "file": "gicons/good_decision.svg" },
        { "label": "google.svg", "value": "google.svg", "file": "gicons/google.svg" },
        { "label": "graduation_cap.svg", "value": "graduation_cap.svg", "file": "gicons/graduation_cap.svg" },
        { "label": "grid.svg", "value": "grid.svg", "file": "gicons/grid.svg" },
        { "label": "headset.svg", "value": "headset.svg", "file": "gicons/headset.svg" },
        { "label": "heat_map.svg", "value": "heat_map.svg", "file": "gicons/heat_map.svg" },
        { "label": "high_battery.svg", "value": "high_battery.svg", "file": "gicons/high_battery.svg" },
        { "label": "high_priority.svg", "value": "high_priority.svg", "file": "gicons/high_priority.svg" },
        { "label": "home.svg", "value": "home.svg", "file": "gicons/home.svg" },
        { "label": "icons8_cup.svg", "value": "icons8_cup.svg", "file": "gicons/icons8_cup.svg" },
        { "label": "idea.svg", "value": "idea.svg", "file": "gicons/idea.svg" },
        { "label": "image_file.svg", "value": "image_file.svg", "file": "gicons/image_file.svg" },
        { "label": "import.svg", "value": "import.svg", "file": "gicons/import.svg" },
        { "label": "info.svg", "value": "info.svg", "file": "gicons/info.svg" },
        { "label": "inspection.svg", "value": "inspection.svg", "file": "gicons/inspection.svg" },
        { "label": "integrated_webcam.svg", "value": "integrated_webcam.svg", "file": "gicons/integrated_webcam.svg" },
        { "label": "internal.svg", "value": "internal.svg", "file": "gicons/internal.svg" },
        { "label": "in_transit.svg", "value": "in_transit.svg", "file": "gicons/in_transit.svg" },
        { "label": "invite.svg", "value": "invite.svg", "file": "gicons/invite.svg" },
        { "label": "ipad.svg", "value": "ipad.svg", "file": "gicons/ipad.svg" },
        { "label": "iphone.svg", "value": "iphone.svg", "file": "gicons/iphone.svg" },
        { "label": "key.svg", "value": "key.svg", "file": "gicons/key.svg" },
        { "label": "kindle.svg", "value": "kindle.svg", "file": "gicons/kindle.svg" },
        { "label": "landscape.svg", "value": "landscape.svg", "file": "gicons/landscape.svg" },
        { "label": "leave.svg", "value": "leave.svg", "file": "gicons/leave.svg" },
        { "label": "left_down2.svg", "value": "left_down2.svg", "file": "gicons/left_down2.svg" },
        { "label": "left_down.svg", "value": "left_down.svg", "file": "gicons/left_down.svg" },
        { "label": "left.svg", "value": "left.svg", "file": "gicons/left.svg" },
        { "label": "left_up2.svg", "value": "left_up2.svg", "file": "gicons/left_up2.svg" },
        { "label": "left_up.svg", "value": "left_up.svg", "file": "gicons/left_up.svg" },
        { "label": "library.svg", "value": "library.svg", "file": "gicons/library.svg" },
        { "label": "light_at_the_end_of_tunnel.svg", "value": "light_at_the_end_of_tunnel.svg", "file": "gicons/light_at_the_end_of_tunnel.svg" },
        { "label": "like_placeholder.svg", "value": "like_placeholder.svg", "file": "gicons/like_placeholder.svg" },
        { "label": "like.svg", "value": "like.svg", "file": "gicons/like.svg" },
        { "label": "line_chart.svg", "value": "line_chart.svg", "file": "gicons/line_chart.svg" },
        { "label": "link.svg", "value": "link.svg", "file": "gicons/link.svg" },
        { "label": "linux.svg", "value": "linux.svg", "file": "gicons/linux.svg" },
        { "label": "list.svg", "value": "list.svg", "file": "gicons/list.svg" },
        { "label": "lock_landscape.svg", "value": "lock_landscape.svg", "file": "gicons/lock_landscape.svg" },
        { "label": "lock_portrait.svg", "value": "lock_portrait.svg", "file": "gicons/lock_portrait.svg" },
        { "label": "lock.svg", "value": "lock.svg", "file": "gicons/lock.svg" },
        { "label": "low_battery.svg", "value": "low_battery.svg", "file": "gicons/low_battery.svg" },
        { "label": "low_priority.svg", "value": "low_priority.svg", "file": "gicons/low_priority.svg" },
        { "label": "make_decision.svg", "value": "make_decision.svg", "file": "gicons/make_decision.svg" },
        { "label": "manager.svg", "value": "manager.svg", "file": "gicons/manager.svg" },
        { "label": "medium_priority.svg", "value": "medium_priority.svg", "file": "gicons/medium_priority.svg" },
        { "label": "menu.svg", "value": "menu.svg", "file": "gicons/menu.svg" },
        { "label": "middle_battery.svg", "value": "middle_battery.svg", "file": "gicons/middle_battery.svg" },
        { "label": "mind_map.svg", "value": "mind_map.svg", "file": "gicons/mind_map.svg" },
        { "label": "minus.svg", "value": "minus.svg", "file": "gicons/minus.svg" },
        { "label": "missed_call.svg", "value": "missed_call.svg", "file": "gicons/missed_call.svg" },
        { "label": "mms.svg", "value": "mms.svg", "file": "gicons/mms.svg" },
        { "label": "money_transfer.svg", "value": "money_transfer.svg", "file": "gicons/money_transfer.svg" },
        { "label": "multiple_cameras.svg", "value": "multiple_cameras.svg", "file": "gicons/multiple_cameras.svg" },
        { "label": "multiple_devices.svg", "value": "multiple_devices.svg", "file": "gicons/multiple_devices.svg" },
        { "label": "multiple_inputs.svg", "value": "multiple_inputs.svg", "file": "gicons/multiple_inputs.svg" },
        { "label": "multiple_smartphones.svg", "value": "multiple_smartphones.svg", "file": "gicons/multiple_smartphones.svg" },
        { "label": "music.svg", "value": "music.svg", "file": "gicons/music.svg" },
        { "label": "negative_dynamic.svg", "value": "negative_dynamic.svg", "file": "gicons/negative_dynamic.svg" },
        { "label": "neutral_decision.svg", "value": "neutral_decision.svg", "file": "gicons/neutral_decision.svg" },
        { "label": "neutral_trading.svg", "value": "neutral_trading.svg", "file": "gicons/neutral_trading.svg" },
        { "label": "news.svg", "value": "news.svg", "file": "gicons/news.svg" },
        { "label": "next.svg", "value": "next.svg", "file": "gicons/next.svg" },
        { "label": "nfc_sign.svg", "value": "nfc_sign.svg", "file": "gicons/nfc_sign.svg" },
        { "label": "night_landscape.svg", "value": "night_landscape.svg", "file": "gicons/night_landscape.svg" },
        { "label": "night_portrait.svg", "value": "night_portrait.svg", "file": "gicons/night_portrait.svg" },
        { "label": "no_idea.svg", "value": "no_idea.svg", "file": "gicons/no_idea.svg" },
        { "label": "nook.svg", "value": "nook.svg", "file": "gicons/nook.svg" },
        { "label": "no_video.svg", "value": "no_video.svg", "file": "gicons/no_video.svg" },
        { "label": "numerical_sorting_12.svg", "value": "numerical_sorting_12.svg", "file": "gicons/numerical_sorting_12.svg" },
        { "label": "numerical_sorting_21.svg", "value": "numerical_sorting_21.svg", "file": "gicons/numerical_sorting_21.svg" },
        { "label": "ok.svg", "value": "ok.svg", "file": "gicons/ok.svg" },
        { "label": "old_time_camera.svg", "value": "old_time_camera.svg", "file": "gicons/old_time_camera.svg" },
        { "label": "online_support.svg", "value": "online_support.svg", "file": "gicons/online_support.svg" },
        { "label": "opened_folder.svg", "value": "opened_folder.svg", "file": "gicons/opened_folder.svg" },
        { "label": "organization.svg", "value": "organization.svg", "file": "gicons/organization.svg" },
        { "label": "org_unit.svg", "value": "org_unit.svg", "file": "gicons/org_unit.svg" },
        { "label": "overtime.svg", "value": "overtime.svg", "file": "gicons/overtime.svg" },
        { "label": "package.svg", "value": "package.svg", "file": "gicons/package.svg" },
        { "label": "paid.svg", "value": "paid.svg", "file": "gicons/paid.svg" },
        { "label": "panorama.svg", "value": "panorama.svg", "file": "gicons/panorama.svg" },
        { "label": "parallel_tasks.svg", "value": "parallel_tasks.svg", "file": "gicons/parallel_tasks.svg" },
        { "label": "phone_android.svg", "value": "phone_android.svg", "file": "gicons/phone_android.svg" },
        { "label": "phone.svg", "value": "phone.svg", "file": "gicons/phone.svg" },
        { "label": "photo_reel.svg", "value": "photo_reel.svg", "file": "gicons/photo_reel.svg" },
        { "label": "picture.svg", "value": "picture.svg", "file": "gicons/picture.svg" },
        { "label": "pie_chart.svg", "value": "pie_chart.svg", "file": "gicons/pie_chart.svg" },
        { "label": "planner.svg", "value": "planner.svg", "file": "gicons/planner.svg" },
        { "label": "plus.svg", "value": "plus.svg", "file": "gicons/plus.svg" },
        { "label": "podium_with_audience.svg", "value": "podium_with_audience.svg", "file": "gicons/podium_with_audience.svg" },
        { "label": "podium_without_speaker.svg", "value": "podium_without_speaker.svg", "file": "gicons/podium_without_speaker.svg" },
        { "label": "podium_with_speaker.svg", "value": "podium_with_speaker.svg", "file": "gicons/podium_with_speaker.svg" },
        { "label": "portrait_mode.svg", "value": "portrait_mode.svg", "file": "gicons/portrait_mode.svg" },
        { "label": "positive_dynamic.svg", "value": "positive_dynamic.svg", "file": "gicons/positive_dynamic.svg" },
        { "label": "previous.svg", "value": "previous.svg", "file": "gicons/previous.svg" },
        { "label": "print.svg", "value": "print.svg", "file": "gicons/print.svg" },
        { "label": "privacy.svg", "value": "privacy.svg", "file": "gicons/privacy.svg" },
        { "label": "process.svg", "value": "process.svg", "file": "gicons/process.svg" },
        { "label": "puzzle.svg", "value": "puzzle.svg", "file": "gicons/puzzle.svg" },
        { "label": "questions.svg", "value": "questions.svg", "file": "gicons/questions.svg" },
        { "label": "radar_plot.svg", "value": "radar_plot.svg", "file": "gicons/radar_plot.svg" },
        { "label": "ratings.svg", "value": "ratings.svg", "file": "gicons/ratings.svg" },
        { "label": "rating.svg", "value": "rating.svg", "file": "gicons/rating.svg" },
        { "label": "reading_ebook.svg", "value": "reading_ebook.svg", "file": "gicons/reading_ebook.svg" },
        { "label": "reading.svg", "value": "reading.svg", "file": "gicons/reading.svg" },
        { "label": "reddit.svg", "value": "reddit.svg", "file": "gicons/reddit.svg" },
        { "label": "redo.svg", "value": "redo.svg", "file": "gicons/redo.svg" },
        { "label": "refresh.svg", "value": "refresh.svg", "file": "gicons/refresh.svg" },
        { "label": "registered_trademark.svg", "value": "registered_trademark.svg", "file": "gicons/registered_trademark.svg" },
        { "label": "remove_image.svg", "value": "remove_image.svg", "file": "gicons/remove_image.svg" },
        { "label": "reuse.svg", "value": "reuse.svg", "file": "gicons/reuse.svg" },
        { "label": "right_down2.svg", "value": "right_down2.svg", "file": "gicons/right_down2.svg" },
        { "label": "right_down.svg", "value": "right_down.svg", "file": "gicons/right_down.svg" },
        { "label": "right.svg", "value": "right.svg", "file": "gicons/right.svg" },
        { "label": "right_up2.svg", "value": "right_up2.svg", "file": "gicons/right_up2.svg" },
        { "label": "right_up.svg", "value": "right_up.svg", "file": "gicons/right_up.svg" },
        { "label": "rotate_camera.svg", "value": "rotate_camera.svg", "file": "gicons/rotate_camera.svg" },
        { "label": "rotate_to_landscape.svg", "value": "rotate_to_landscape.svg", "file": "gicons/rotate_to_landscape.svg" },
        { "label": "rotate_to_portrait.svg", "value": "rotate_to_portrait.svg", "file": "gicons/rotate_to_portrait.svg" },
        { "label": "ruler.svg", "value": "ruler.svg", "file": "gicons/ruler.svg" },
        { "label": "rules.svg", "value": "rules.svg", "file": "gicons/rules.svg" },
        { "label": "safe.svg", "value": "safe.svg", "file": "gicons/safe.svg" },
        { "label": "sales_performance.svg", "value": "sales_performance.svg", "file": "gicons/sales_performance.svg" },
        { "label": "scatter_plot.svg", "value": "scatter_plot.svg", "file": "gicons/scatter_plot.svg" },
        { "label": "search.svg", "value": "search.svg", "file": "gicons/search.svg" },
        { "label": "selfie.svg", "value": "selfie.svg", "file": "gicons/selfie.svg" },
        { "label": "self_service_kiosk.svg", "value": "self_service_kiosk.svg", "file": "gicons/self_service_kiosk.svg" },
        { "label": "serial_tasks.svg", "value": "serial_tasks.svg", "file": "gicons/serial_tasks.svg" },
        { "label": "service_mark.svg", "value": "service_mark.svg", "file": "gicons/service_mark.svg" },
        { "label": "services.svg", "value": "services.svg", "file": "gicons/services.svg" },
        { "label": "settings.svg", "value": "settings.svg", "file": "gicons/settings.svg" },
        { "label": "share.svg", "value": "share.svg", "file": "gicons/share.svg" },
        { "label": "shipped.svg", "value": "shipped.svg", "file": "gicons/shipped.svg" },
        { "label": "shop.svg", "value": "shop.svg", "file": "gicons/shop.svg" },
        { "label": "signature.svg", "value": "signature.svg", "file": "gicons/signature.svg" },
        { "label": "sim_card_chip.svg", "value": "sim_card_chip.svg", "file": "gicons/sim_card_chip.svg" },
        { "label": "sim_card.svg", "value": "sim_card.svg", "file": "gicons/sim_card.svg" },
        { "label": "slr_back_side.svg", "value": "slr_back_side.svg", "file": "gicons/slr_back_side.svg" },
        { "label": "smartphone_tablet.svg", "value": "smartphone_tablet.svg", "file": "gicons/smartphone_tablet.svg" },
        { "label": "sms.svg", "value": "sms.svg", "file": "gicons/sms.svg" },
        { "label": "sound_recording_copyright.svg", "value": "sound_recording_copyright.svg", "file": "gicons/sound_recording_copyright.svg" },
        { "label": "speaker.svg", "value": "speaker.svg", "file": "gicons/speaker.svg" },
        { "label": "sports_mode.svg", "value": "sports_mode.svg", "file": "gicons/sports_mode.svg" },
        { "label": "stack_of_photos.svg", "value": "stack_of_photos.svg", "file": "gicons/stack_of_photos.svg" },
        { "label": "start.svg", "value": "start.svg", "file": "gicons/start.svg" },
        { "label": "statistics.svg", "value": "statistics.svg", "file": "gicons/statistics.svg" },
        { "label": "steam.svg", "value": "steam.svg", "file": "gicons/steam.svg" },
        { "label": "stumbleupon.svg", "value": "stumbleupon.svg", "file": "gicons/stumbleupon.svg" },
        { "label": "support.svg", "value": "support.svg", "file": "gicons/support.svg" },
        { "label": "survey.svg", "value": "survey.svg", "file": "gicons/survey.svg" },
        { "label": "switch_camera.svg", "value": "switch_camera.svg", "file": "gicons/switch_camera.svg" },
        { "label": "synchronize.svg", "value": "synchronize.svg", "file": "gicons/synchronize.svg" },
        { "label": "tablet_android.svg", "value": "tablet_android.svg", "file": "gicons/tablet_android.svg" },
        { "label": "template.svg", "value": "template.svg", "file": "gicons/template.svg" },
        { "label": "timeline.svg", "value": "timeline.svg", "file": "gicons/timeline.svg" },
        { "label": "todo_list.svg", "value": "todo_list.svg", "file": "gicons/todo_list.svg" },
        { "label": "touchscreen_smartphone.svg", "value": "touchscreen_smartphone.svg", "file": "gicons/touchscreen_smartphone.svg" },
        { "label": "trademark.svg", "value": "trademark.svg", "file": "gicons/trademark.svg" },
        { "label": "tree_structure.svg", "value": "tree_structure.svg", "file": "gicons/tree_structure.svg" },
        { "label": "two_smartphones.svg", "value": "two_smartphones.svg", "file": "gicons/two_smartphones.svg" },
        { "label": "undo.svg", "value": "undo.svg", "file": "gicons/undo.svg" },
        { "label": "unlock.svg", "value": "unlock.svg", "file": "gicons/unlock.svg" },
        { "label": "up_left.svg", "value": "up_left.svg", "file": "gicons/up_left.svg" },
        { "label": "upload.svg", "value": "upload.svg", "file": "gicons/upload.svg" },
        { "label": "up_right.svg", "value": "up_right.svg", "file": "gicons/up_right.svg" },
        { "label": "up.svg", "value": "up.svg", "file": "gicons/up.svg" },
        { "label": "usb.svg", "value": "usb.svg", "file": "gicons/usb.svg" },
        { "label": "video_call.svg", "value": "video_call.svg", "file": "gicons/video_call.svg" },
        { "label": "video_file.svg", "value": "video_file.svg", "file": "gicons/video_file.svg" },
        { "label": "video_projector.svg", "value": "video_projector.svg", "file": "gicons/video_projector.svg" },
        { "label": "view_details.svg", "value": "view_details.svg", "file": "gicons/view_details.svg" },
        { "label": "vip.svg", "value": "vip.svg", "file": "gicons/vip.svg" },
        { "label": "vlc.svg", "value": "vlc.svg", "file": "gicons/vlc.svg" },
        { "label": "voicemail.svg", "value": "voicemail.svg", "file": "gicons/voicemail.svg" },
        { "label": "voice_presentation.svg", "value": "voice_presentation.svg", "file": "gicons/voice_presentation.svg" },
        { "label": "webcam.svg", "value": "webcam.svg", "file": "gicons/webcam.svg" },
        { "label": "wi-fi_logo.svg", "value": "wi-fi_logo.svg", "file": "gicons/wi-fi_logo.svg" },
        { "label": "wikipedia.svg", "value": "wikipedia.svg", "file": "gicons/wikipedia.svg" },
        { "label": "workflow.svg", "value": "workflow.svg", "file": "gicons/workflow.svg" }

    ],
"backgrounds":
    [ 
        { "label": "Art.jpg", "value": "Art.jpg", "file": "bg/Art.jpg" },
        { "label": "Autumn.jpg", "value": "Autumn.jpg", "file": "bg/Autumn.jpg" },
        { "label": "Cactus.jpg", "value": "Cactus.jpg", "file": "bg/Cactus.jpg" },
        { "label": "Flower.jpg", "value": "Flower.jpg", "file": "bg/Flower.jpg" },
        { "label": "Landscape.svg", "value": "Landscape.svg", "file": "bg/Landscape.svg" },
        { "label": "Leaf.jpg", "value": "Leaf.jpg", "file": "bg/Leaf.jpg" },
        { "label": "Lemon.jpg", "value": "Lemon.jpg", "file": "bg/Lemon.jpg" },
        { "label": "Lines.svg", "value": "Lines.svg", "file": "bg/Lines.svg" },        
        { "label": "Time.jpg", "value": "Time.jpg", "file": "bg/Time.jpg" },
        { "label": "Triangles.svg", "value": "Triangles.svg", "file": "bg/Triangles.svg" },
        { "label": "Umbrella.jpg", "value": "Umbrella.jpg", "file": "bg/Umbrella.jpg" }
    ]
}